2,2,2,0,0,0
0.111973,3.37577,1.45006,0,0,-0.941593
0.111973,3.37577,1.45006,0,0,-0.941593
-0.657963,2.29225,0.81221,0,0,-0.941593
-0.657963,2.29225,0.81221,0,0,-0.941593
-0.245804,1.64347,0.99821,0,0,-1.14159
-0.245804,1.64347,0.99821,0,0,-1.14159
-0.330043,1.50933,1.15807,0,0,-1.14159
-0.330043,1.50933,1.15807,0,0,-1.14159
-0.265937,1.5109,1.38272,0,0,-0.941593
-0.265937,1.5109,1.38272,0,0,-0.941593
-0.427073,1.9137,1.64282,0,0,-0.941593
-0.427073,1.9137,1.64282,0,0,-0.941593
-0.660714,2.13632,1.45247,0,0,-0.741593
-0.660714,2.13632,1.45247,0,0,-0.741593
-0.64074,2.10172,1.45247,0,0,-0.741593
-0.64074,2.10172,1.45247,0,0,-0.741593
-0.391569,1.78474,1.17359,0,0,-0.541593
-0.391569,1.78474,1.17359,0,0,-0.541593
-0.640602,1.30988,1.45625,0,0,-0.741593
-0.640602,1.30988,1.45625,0,0,-0.741593
-0.765225,1.34868,1.45058,0,0,-0.541593
-0.765225,1.34868,1.45058,0,0,-0.541593
-0.999561,1.45981,1.45215,0,0,-0.541593
-0.999561,1.45981,1.45215,0,0,-0.541593
-0.898881,1.237,1.08361,0,0,-0.741593
-0.898881,1.237,1.08361,0,0,-0.741593
-0.924987,1.05737,0.94963,0,0,-0.741593
-0.924987,1.05737,0.94963,0,0,-0.741593
-0.405227,1.1642,0.305344,0,0,-0.741593
-0.405227,1.1642,0.305344,0,0,-0.741593
-0.747077,0.538535,0.824087,0,0,-0.741593
-0.747077,0.538535,0.824087,0,0,-0.741593
-0.718848,0.206783,0.655539,0,0,-0.741593
-0.718848,0.206783,0.655539,0,0,-0.741593
-0.333351,0.113729,0.313121,0,0,-0.941593
-0.333351,0.113729,0.313121,0,0,-0.941593
-0.639939,0.0246934,0.314689,0,0,-0.741593
-0.639939,0.0246934,0.314689,0,0,-0.741593
-0.645452,0.0278761,0.314689,0,0,-0.741593
-0.645452,0.0278761,0.314689,0,0,-0.741593
-0.759729,0.246764,-0.0476659,0,0,-0.741593
-0.759729,0.246764,-0.0476659,0,0,-0.741593
-0.773491,0.270601,-0.0476659,0,0,-0.741593
-0.773491,0.270601,-0.0476659,0,0,-0.741593
-0.650297,0.0319257,-0.411313,0,0,-0.741593
-0.650297,0.0319257,-0.411313,0,0,-0.741593
-0.636908,0.0241954,-0.411313,0,0,-0.741593
-0.636908,0.0241954,-0.411313,0,0,-0.741593
-0.723391,0.225671,-0.746417,0,0,-0.741593
-0.723391,0.225671,-0.746417,0,0,-0.741593
-0.898001,0.808933,-0.579077,0,0,-0.741593
-0.898001,0.808933,-0.579077,0,0,-0.741593
-0.435304,0.388407,-0.402153,0,0,-0.341593
-0.435304,0.388407,-0.402153,0,0,-0.341593
-0.78658,0.591216,-0.402153,0,0,-0.141593
-0.78658,0.591216,-0.402153,0,0,-0.141593
-0.690771,0.0552932,-0.411313,0,0,-0.341593
-0.690771,0.0552932,-0.411313,0,0,-0.341593
-0.725606,-0.182592,0.0497055,0,0,-0.541593
-0.725606,-0.182592,0.0497055,0,0,-0.541593
-0.756409,-0.396047,0.288366,0,0,-0.341593
-0.756409,-0.396047,0.288366,0,0,-0.341593
-0.0420084,-0.193102,0.310117,0,0,-0.141593
-0.0420084,-0.193102,0.310117,0,0,-0.141593
0.272336,-0.40276,0.285991,0,0,-0.341593
0.272336,-0.40276,0.285991,0,0,-0.341593
0.255964,-0.396013,-0.386655,0,0,-0.341593
0.255964,-0.396013,-0.386655,0,0,-0.341593
0.0473042,-0.416908,-0.652545,0,0,-0.141593
0.0473042,-0.416908,-0.652545,0,0,-0.141593
-0.0820175,-0.303157,-1.0182,0,0,0.0584073
-0.0820175,-0.303157,-1.0182,0,0,0.0584073
-0.0628285,-0.176829,-1.16875,0,0,0.0584073
-0.0628285,-0.176829,-1.16875,0,0,0.0584073
-0.419171,0.00524803,-1.31259,0,0,0.458407
-0.419171,0.00524803,-1.31259,0,0,0.458407
-0.163265,-0.646143,-1.03388,0,0,0.458407
-0.163265,-0.646143,-1.03388,0,0,0.458407
-0.85625,-0.727875,-1.20521,0,0,0.0584073
-0.85625,-0.727875,-1.20521,0,0,0.0584073
-1.0205,-0.787681,-1.27648,0,0,0.0584073
-1.0205,-0.787681,-1.27648,0,0,0.0584073
-0.867573,-0.904617,-1.49699,0,0,0.0584073
-0.867573,-0.904617,-1.49699,0,0,0.0584073
-0.836278,-0.98521,-1.25537,0,0,0.0584073
-0.836278,-0.98521,-1.25537,0,0,0.0584073
-0.521427,-0.922509,-1.19968,0,0,0.0584073
-0.521427,-0.922509,-1.19968,0,0,0.0584073
-0.475349,-0.922509,-1.19968,0,0,0.0584073
-0.475349,-0.922509,-1.19968,0,0,0.0584073
-0.254566,-0.950599,-1.47354,0,0,-0.141593
-0.254566,-0.950599,-1.47354,0,0,-0.141593
0.0140634,-0.490654,-1.24165,0,0,-0.141593
0.0140634,-0.490654,-1.24165,0,0,-0.141593
-0.0447901,0.184815,-1.15561,0,0,-0.341593
-0.0447901,0.184815,-1.15561,0,0,-0.341593
-0.612507,0.41716,-1.05712,0,0,-0.141593
-0.612507,0.41716,-1.05712,0,0,-0.141593
-0.514699,0.626446,-1.54642,0,0,-0.141593
-0.514699,0.626446,-1.54642,0,0,-0.141593
-0.813184,0.963386,-1.55159,0,0,-0.341593
-0.813184,0.963386,-1.55159,0,0,-0.341593
-0.708074,1.00466,-1.34958,0,0,-0.341593
-0.708074,1.00466,-1.34958,0,0,-0.341593
-0.169437,1.27716,-1.3483,0,0,-0.341593
-0.169437,1.27716,-1.3483,0,0,-0.341593
-0.342984,1.91723,-1.93552,0,0,-0.341593
-0.342984,1.91723,-1.93552,0,0,-0.341593
-0.868604,1.84995,-1.66122,0,0,-0.341593
-0.868604,1.84995,-1.66122,0,0,-0.341593
-1.11045,2.01051,-2.21094,0,0,-0.341593
-1.11045,2.01051,-2.21094,0,0,-0.341593
-0.906052,0.896442,-2.24882,0,0,-0.341593
-0.906052,0.896442,-2.24882,0,0,-0.341593
-0.773951,0.684065,-1.54748,0,0,-0.541593
-0.773951,0.684065,-1.54748,0,0,-0.541593
-0.640481,0.59905,-1.54975,0,0,-0.741593
-0.640481,0.59905,-1.54975,0,0,-0.741593
-0.640553,0.837991,-1.54748,0,0,-0.741593
-0.640553,0.837991,-1.54748,0,0,-0.741593
-0.640601,0.838074,-1.54748,0,0,-0.741593
-0.640601,0.838074,-1.54748,0,0,-0.741593
-0.719808,1.12461,-1.55159,0,0,-0.741593
-0.719808,1.12461,-1.55159,0,0,-0.741593
-0.479023,1.34962,-1.75547,0,0,-0.741593
-0.479023,1.34962,-1.75547,0,0,-0.741593
-0.640381,1.50752,-1.54592,0,0,-0.741593
-0.640381,1.50752,-1.54592,0,0,-0.741593
-0.690236,1.89916,-1.54807,0,0,-0.741593
-0.690236,1.89916,-1.54807,0,0,-0.741593
-0.975815,1.78961,-1.32645,0,0,-0.741593
-0.975815,1.78961,-1.32645,0,0,-0.741593
-0.673233,1.75258,-0.841059,0,0,-0.941593
-0.673233,1.75258,-0.841059,0,0,-0.941593
-0.391653,2.29523,-0.905237,0,0,-1.14159
-0.391653,2.29523,-0.905237,0,0,-1.14159
-0.393837,2.30338,-2.20259,0,0,-1.14159
-0.393837,2.30338,-2.20259,0,0,-1.14159
0.192559,1.93998,-1.76889,0,0,-1.34159
0.192559,1.93998,-1.76889,0,0,-1.34159
0.264903,2.07324,-1.80539,0,0,-1.54159
0.264903,2.07324,-1.80539,0,0,-1.54159
0.531753,2.23675,-0.963727,0,0,-1.74159
0.531753,2.23675,-0.963727,0,0,-1.74159
-0.192776,2.12918,-1.01423,0,0,-2.14159
-0.192776,2.12918,-1.01423,0,0,-2.14159
0.170264,1.91129,-1.30096,0,0,-2.14159
0.170264,1.91129,-1.30096,0,0,-2.14159
0.544844,1.90462,-1.29871,0,0,-2.14159
0.544844,1.90462,-1.29871,0,0,-2.14159
0.575189,1.91143,-1.25882,0,0,-2.34159
0.575189,1.91143,-1.25882,0,0,-2.34159
0.316493,1.79112,-1.26789,0,0,-2.54159
0.316493,1.79112,-1.26789,0,0,-2.54159
0.717526,1.84406,-1.15201,0,0,-2.74159
0.717526,1.84406,-1.15201,0,0,-2.74159
0.772399,1.67599,-1.16346,0,0,-2.74159
0.772399,1.67599,-1.16346,0,0,-2.74159
0.330606,1.61561,-1.2628,0,0,-2.74159
0.330606,1.61561,-1.2628,0,0,-2.74159
0.0228167,1.78746,-1.25324,0,0,-2.94159
0.0228167,1.78746,-1.25324,0,0,-2.94159
-0.0406696,1.59377,-1.12669,0,0,-2.94159
-0.0406696,1.59377,-1.12669,0,0,-2.94159
0.00756764,1.78714,-1.28946,0,0,-2.74159
0.00756764,1.78714,-1.28946,0,0,-2.74159
-0.103703,1.74759,-1.25038,0,0,-2.54159
-0.103703,1.74759,-1.25038,0,0,-2.54159
-0.10258,1.74871,-1.84678,0,0,-2.54159
-0.10258,1.74871,-1.84678,0,0,-2.54159
0.000923031,1.7805,-1.79784,0,0,-2.74159
0.000923031,1.7805,-1.79784,0,0,-2.74159
0.019068,1.78646,-1.84041,0,0,-2.94159
0.019068,1.78646,-1.84041,0,0,-2.94159
0.333092,1.61628,-1.83483,0,0,-2.74159
0.333092,1.61628,-1.83483,0,0,-2.74159
0.316372,1.79108,-1.8273,0,0,-2.54159
0.316372,1.79108,-1.8273,0,0,-2.54159
0.374883,1.45404,-1.96986,0,0,-2.54159
0.374883,1.45404,-1.96986,0,0,-2.54159
0.357894,1.20207,-1.80219,0,0,-2.74159
0.357894,1.20207,-1.80219,0,0,-2.74159
0.732965,1.15967,-1.80199,0,0,-2.74159
0.732965,1.15967,-1.80199,0,0,-2.74159
0.822173,1.4003,-2.03745,0,0,-2.74159
0.822173,1.4003,-2.03745,0,0,-2.74159
0.760615,1.60371,-1.87013,0,0,-2.94159
0.760615,1.60371,-1.87013,0,0,-2.94159
0.787596,1.27497,-1.95068,0,0,-2.94159
0.787596,1.27497,-1.95068,0,0,-2.94159
0.963228,0.851982,-2.05229,0,0,-2.74159
0.963228,0.851982,-2.05229,0,0,-2.74159
0.716404,0.837563,-1.78895,0,0,-2.74159
0.716404,0.837563,-1.78895,0,0,-2.74159
0.603382,0.565497,-1.76847,0,0,-2.74159
0.603382,0.565497,-1.76847,0,0,-2.74159
0.646465,0.439322,-1.47953,0,0,-2.74159
0.646465,0.439322,-1.47953,0,0,-2.74159
0.645838,0.517079,-1.20192,0,0,-2.74159
0.645838,0.517079,-1.20192,0,0,-2.74159
0.629386,0.822074,-1.26045,0,0,-2.74159
0.629386,0.822074,-1.26045,0,0,-2.74159
0.703213,0.824372,-1.32159,0,0,-2.74159
0.703213,0.824372,-1.32159,0,0,-2.74159
0.725444,1.15215,-1.30628,0,0,-2.74159
0.725444,1.15215,-1.30628,0,0,-2.74159
0.360896,1.20508,-1.28759,0,0,-2.74159
0.360896,1.20508,-1.28759,0,0,-2.74159
0.292739,1.22607,-1.34542,0,0,-2.74159
0.292739,1.22607,-1.34542,0,0,-2.74159
0.119142,1.02199,-1.56168,0,0,-2.74159
0.119142,1.02199,-1.56168,0,0,-2.74159
-0.0994397,1.24796,-1.81108,0,0,-2.74159
-0.0994397,1.24796,-1.81108,0,0,-2.74159
-0.122933,0.867296,-1.82215,0,0,-2.74159
-0.122933,0.867296,-1.82215,0,0,-2.74159
-0.0321286,0.510094,-1.81798,0,0,-2.74159
-0.0321286,0.510094,-1.81798,0,0,-2.74159
-0.00304116,0.257804,-1.78954,0,0,-2.74159
-0.00304116,0.257804,-1.78954,0,0,-2.74159
0.119237,0.372462,-1.53937,0,0,-2.74159
0.119237,0.372462,-1.53937,0,0,-2.74159
-0.0345103,0.507712,-1.27658,0,0,-2.74159
-0.0345103,0.507712,-1.27658,0,0,-2.74159
0.119084,0.256125,-1.53339,0,0,-2.94159
0.119084,0.256125,-1.53339,0,0,-2.94159
-0.0730728,0.520085,-1.25002,0,0,3.14159
-0.0730728,0.520085,-1.25002,0,0,3.14159
0.0176479,0.237024,-1.83317,0,0,3.14159
0.0176479,0.237024,-1.83317,0,0,3.14159
0.0238524,0.439672,-1.84057,0,0,-2.94159
0.0238524,0.439672,-1.84057,0,0,-2.94159
0.297458,0.578157,-1.81296,0,0,-2.74159
0.297458,0.578157,-1.81296,0,0,-2.74159
0.338165,0.362602,-1.80478,0,0,-2.74159
0.338165,0.362602,-1.80478,0,0,-2.74159
0.453089,0.0561747,-1.92294,0,0,-2.74159
0.453089,0.0561747,-1.92294,0,0,-2.74159
0.722737,0.166021,-1.7976,0,0,-2.74159
0.722737,0.166021,-1.7976,0,0,-2.74159
0.903746,-0.208727,-2.00357,0,0,-2.74159
0.903746,-0.208727,-2.00357,0,0,-2.74159
0.881173,-0.491276,-1.85267,0,0,-2.74159
0.881173,-0.491276,-1.85267,0,0,-2.74159
0.748436,-0.658385,-1.83766,0,0,-2.74159
0.748436,-0.658385,-1.83766,0,0,-2.74159
0.930632,-0.852208,-1.69667,0,0,-2.74159
0.930632,-0.852208,-1.69667,0,0,-2.74159
0.818899,-0.850902,-1.26392,0,0,-2.94159
0.818899,-0.850902,-1.26392,0,0,-2.94159
1.04885,-0.249623,-1.35001,0,0,-2.94159
1.04885,-0.249623,-1.35001,0,0,-2.94159
1.10293,-0.473565,-1.18421,0,0,-2.54159
1.10293,-0.473565,-1.18421,0,0,-2.54159
1.10687,-0.360953,-1.24984,0,0,-2.54159
1.10687,-0.360953,-1.24984,0,0,-2.54159
0.573598,-0.310382,-1.86458,0,0,-2.34159
0.573598,-0.310382,-1.86458,0,0,-2.34159
0.231574,0.101879,-1.74439,0,0,-2.14159
0.231574,0.101879,-1.74439,0,0,-2.14159
0.233311,0.10836,-1.34413,0,0,-2.14159
0.233311,0.10836,-1.34413,0,0,-2.14159
0.214365,-0.303118,-1.35279,0,0,-2.14159
0.214365,-0.303118,-1.35279,0,0,-2.14159
-0.263793,-0.372747,-1.75253,0,0,-1.74159
-0.263793,-0.372747,-1.75253,0,0,-1.74159
-0.263854,-0.372521,-1.35253,0,0,-1.74159
-0.263854,-0.372521,-1.35253,0,0,-1.74159
-0.382707,0.117489,-1.31003,0,0,-1.74159
-0.382707,0.117489,-1.31003,0,0,-1.74159
-0.162096,0.389871,-1.34491,0,0,-1.94159
-0.162096,0.389871,-1.34491,0,0,-1.94159
-0.183679,0.61819,-1.69471,0,0,-2.14159
-0.183679,0.61819,-1.69471,0,0,-2.14159
-0.281257,0.587438,-1.74134,0,0,-2.14159
-0.281257,0.587438,-1.74134,0,0,-2.14159
-0.294806,0.365426,-1.75293,0,0,-2.14159
-0.294806,0.365426,-1.75293,0,0,-2.14159
-0.248696,0.344061,-1.75836,0,0,-2.14159
-0.248696,0.344061,-1.75836,0,0,-2.14159
-0.122587,0.0729461,-2.25323,0,0,-2.14159
-0.122587,0.0729461,-2.25323,0,0,-2.14159
-0.242143,-0.311645,-1.78505,0,0,-2.14159
-0.242143,-0.311645,-1.78505,0,0,-2.14159
0.0908854,-0.958659,-1.84271,0,0,-2.54159
0.0908854,-0.958659,-1.84271,0,0,-2.54159
0.332663,-0.483708,-1.80561,0,0,-2.74159
0.332663,-0.483708,-1.80561,0,0,-2.74159
0.395131,-0.16855,-1.98109,0,0,-2.74159
0.395131,-0.16855,-1.98109,0,0,-2.74159
0.0499021,-0.217324,-1.92055,0,0,-2.94159
0.0499021,-0.217324,-1.92055,0,0,-2.94159
-0.0309246,-0.273645,-1.96559,0,0,-2.94159
-0.0309246,-0.273645,-1.96559,0,0,-2.94159
-0.033301,-0.563677,-1.96276,0,0,-2.94159
-0.033301,-0.563677,-1.96276,0,0,-2.94159
0.119251,-0.703891,-1.54745,0,0,-2.94159
0.119251,-0.703891,-1.54745,0,0,-2.94159
0.119257,-0.332528,-1.54658,0,0,-2.94159
0.119257,-0.332528,-1.54658,0,0,-2.94159
0.162787,-0.334096,-1.2938,0,0,-2.74159
0.162787,-0.334096,-1.2938,0,0,-2.74159
0.367997,0.0368871,-1.15964,0,0,-2.94159
0.367997,0.0368871,-1.15964,0,0,-2.94159
0.405458,0.106834,-1.21126,0,0,-2.74159
0.405458,0.106834,-1.21126,0,0,-2.74159
0.756679,0.230168,-1.15309,0,0,-2.54159
0.756679,0.230168,-1.15309,0,0,-2.54159
0.547337,0.760919,-1.26725,0,0,-2.34159
0.547337,0.760919,-1.26725,0,0,-2.34159
0.59642,0.95384,-1.3422,0,0,-2.14159
0.59642,0.95384,-1.3422,0,0,-2.14159
0.595392,0.950001,-1.74229,0,0,-2.14159
0.595392,0.950001,-1.74229,0,0,-2.14159
0.548194,0.736161,-1.81801,0,0,-2.14159
0.548194,0.736161,-1.81801,0,0,-2.14159
0.545286,0.403048,-1.84661,0,0,-2.14159
0.545286,0.403048,-1.84661,0,0,-2.14159
0.52502,0.255498,-1.82625,0,0,-1.94159
0.52502,0.255498,-1.82625,0,0,-1.94159
0.60252,0.586414,-2.40785,0,0,-2.14159
0.60252,0.586414,-2.40785,0,0,-2.14159
0.582202,0.793796,-1.88265,0,0,-2.34159
0.582202,0.793796,-1.88265,0,0,-2.34159
0.436025,0.958084,-1.82968,0,0,-2.34159
0.436025,0.958084,-1.82968,0,0,-2.34159
0.316472,1.32679,-1.77574,0,0,-2.14159
0.316472,1.32679,-1.77574,0,0,-2.14159
0.170773,1.91319,-1.79942,0,0,-2.14159
0.170773,1.91319,-1.79942,0,0,-2.14159
-0.0183119,1.47926,-2.0368,0,0,-2.14159
-0.0183119,1.47926,-2.0368,0,0,-2.14159
-0.112529,1.29894,-1.79455,0,0,-2.14159
-0.112529,1.29894,-1.79455,0,0,-2.14159
-0.11653,1.28401,-1.31908,0,0,-2.14159
-0.11653,1.28401,-1.31908,0,0,-2.14159
0.430732,1.45843,-1.31742,0,0,-1.94159
0.430732,1.45843,-1.31742,0,0,-1.94159
-0.0419772,1.50486,-1.34873,0,0,-1.74159
-0.0419772,1.50486,-1.34873,0,0,-1.74159
-0.248812,1.3704,-1.30874,0,0,-1.74159
-0.248812,1.3704,-1.30874,0,0,-1.74159
-0.250235,1.36509,-1.78076,0,0,-1.74159
-0.250235,1.36509,-1.78076,0,0,-1.74159
-0.328744,0.723973,-1.74948,0,0,-1.54159
-0.328744,0.723973,-1.74948,0,0,-1.54159
0.230538,0.498943,-1.32906,0,0,-1.14159
0.230538,0.498943,-1.32906,0,0,-1.14159
-0.0996219,1.20022,-1.23868,0,0,-1.14159
-0.0996219,1.20022,-1.23868,0,0,-1.14159
-0.456201,0.993985,-1.42205,0,0,-0.941593
-0.456201,0.993985,-1.42205,0,0,-0.941593
-0.499954,0.706486,-1.36205,0,0,-0.941593
-0.499954,0.706486,-1.36205,0,0,-0.941593
-0.28213,0.450469,-1.35389,0,0,-1.14159
-0.28213,0.450469,-1.35389,0,0,-1.14159
-0.31529,0.420961,-1.77272,0,0,-1.14159
-0.31529,0.420961,-1.77272,0,0,-1.14159
-0.493287,0.110268,-1.75098,0,0,-0.941593
-0.493287,0.110268,-1.75098,0,0,-0.941593
-0.445122,0.0247811,-2.22629,0,0,-1.14159
-0.445122,0.0247811,-2.22629,0,0,-1.14159
0.135989,-0.541728,-1.8004,0,0,-1.14159
0.135989,-0.541728,-1.8004,0,0,-1.14159
-0.0796842,-0.225818,-1.75261,0,0,-0.741593
-0.0796842,-0.225818,-1.75261,0,0,-0.741593
0.29854,0.362665,-1.54698,0,0,-0.741593
0.29854,0.362665,-1.54698,0,0,-0.741593
-0.062403,0.187638,-1.2178,0,0,-0.741593
-0.062403,0.187638,-1.2178,0,0,-0.741593
-0.361906,0.0953945,-1.04187,0,0,-0.941593
-0.361906,0.0953945,-1.04187,0,0,-0.941593
-0.664621,-0.0101674,-1.02954,0,0,-0.741593
-0.664621,-0.0101674,-1.02954,0,0,-0.741593
-0.640416,0.16561,-1.22538,0,0,-0.741593
-0.640416,0.16561,-1.22538,0,0,-0.741593
-0.71488,0.0815559,-1.54505,0,0,-0.741593
-0.71488,0.0815559,-1.54505,0,0,-0.741593
-0.705155,-0.272953,-1.54909,0,0,-0.741593
-0.705155,-0.272953,-1.54909,0,0,-0.741593
-0.631227,-0.270343,-2.01941,0,0,-0.541593
-0.631227,-0.270343,-2.01941,0,0,-0.541593
-0.637502,0.21433,-1.77579,0,0,-0.541593
-0.637502,0.21433,-1.77579,0,0,-0.541593
-0.495177,0.299593,-1.77898,0,0,-0.541593
-0.495177,0.299593,-1.77898,0,0,-0.541593
-0.505501,0.309917,-1.29591,0,0,-0.541593
-0.505501,0.309917,-1.29591,0,0,-0.541593
-0.740168,0.252004,-1.37188,0,0,-0.541593
-0.740168,0.252004,-1.37188,0,0,-0.541593
-0.805019,0.0287093,-1.41927,0,0,-0.341593
-0.805019,0.0287093,-1.41927,0,0,-0.341593
-0.789308,-0.41495,-1.52161,0,0,-0.341593
-0.789308,-0.41495,-1.52161,0,0,-0.341593
-0.771464,-0.277434,-1.37236,0,0,-0.541593
-0.771464,-0.277434,-1.37236,0,0,-0.541593
-0.827451,-0.1299,-1.25014,0,0,-0.541593
-0.827451,-0.1299,-1.25014,0,0,-0.541593
-0.862807,-0.295816,-1.05784,0,0,-0.341593
-0.862807,-0.295816,-1.05784,0,0,-0.341593
-0.827171,-0.73734,-0.89474,0,0,-0.141593
-0.827171,-0.73734,-0.89474,0,0,-0.141593
-0.851801,-0.711814,-0.470173,0,0,-0.141593
-0.851801,-0.711814,-0.470173,0,0,-0.141593
-1.16046,-0.789142,-0.562329,0,0,0.258407
-1.16046,-0.789142,-0.562329,0,0,0.258407
-1.01292,-0.637836,-0.38201,0,0,0.258407
-1.01292,-0.637836,-0.38201,0,0,0.258407
-1.64446,-0.0598406,-0.201522,0,0,-0.141593
-1.64446,-0.0598406,-0.201522,0,0,-0.141593
-1.77112,0.0080778,0.100817,0,0,-0.141593
-1.77112,0.0080778,0.100817,0,0,-0.141593
-1.98795,0.191185,0.788533,0,0,-0.141593
-1.98795,0.191185,0.788533,0,0,-0.141593
-0.945054,-0.589456,0.966949,0,0,-0.141593
-0.945054,-0.589456,0.966949,0,0,-0.141593
-0.787619,-0.679465,1.38254,0,0,-0.141593
-0.787619,-0.679465,1.38254,0,0,-0.141593
-0.780837,-0.948826,1.17657,0,0,0.0584073
-0.780837,-0.948826,1.17657,0,0,0.0584073
-0.507966,-0.983588,1.08613,0,0,0.0584073
-0.507966,-0.983588,1.08613,0,0,0.0584073
-0.957735,-1.14953,0.981418,0,0,0.458407
-0.957735,-1.14953,0.981418,0,0,0.458407
-1.05914,-0.962729,0.290021,0,0,0.258407
-1.05914,-0.962729,0.290021,0,0,0.258407
-0.923157,-1.16096,0.201499,0,0,0.458407
-0.923157,-1.16096,0.201499,0,0,0.458407
-0.163233,-0.530281,0.310499,0,0,0.658407
-0.163233,-0.530281,0.310499,0,0,0.658407
0.00524297,-0.526854,1.06187,0,0,0.458407
0.00524297,-0.526854,1.06187,0,0,0.458407
-0.0219391,-0.220573,0.982306,0,0,0.0584073
-0.0219391,-0.220573,0.982306,0,0,0.0584073
-0.428575,0.0512152,0.994062,0,0,-0.141593
-0.428575,0.0512152,0.994062,0,0,-0.141593
-0.389673,0.654449,0.965737,0,0,0.0584073
-0.389673,0.654449,0.965737,0,0,0.0584073
-0.451426,0.524039,1.14141,0,0,-0.141593
-0.451426,0.524039,1.14141,0,0,-0.141593
-0.376018,0.480502,1.14141,0,0,-0.141593
-0.376018,0.480502,1.14141,0,0,-0.141593
0.0811332,0.387596,1.70511,0,0,-0.141593
0.0811332,0.387596,1.70511,0,0,-0.141593
-0.448837,0.274729,1.65077,0,0,-0.141593
-0.448837,0.274729,1.65077,0,0,-0.141593
-0.707742,0.0840799,2.14729,0,0,-0.141593
-0.707742,0.0840799,2.14729,0,0,-0.141593
-0.303744,0.422192,1.85864,0,0,0.258407
-0.303744,0.422192,1.85864,0,0,0.258407
-0.674505,0.9129,1.72779,0,0,0.458407
-0.674505,0.9129,1.72779,0,0,0.458407
-0.0907719,0.984607,1.07413,0,0,1.05841
-0.0907719,0.984607,1.07413,0,0,1.05841
-0.188916,0.689795,1.68739,0,0,1.65841
-0.188916,0.689795,1.68739,0,0,1.65841
-0.410563,-1.4114,1.66244,0,0,1.45841
-0.410563,-1.4114,1.66244,0,0,1.45841
0.868096,-1.62539,0.517411,0,0,2.45841
0.868096,-1.62539,0.517411,0,0,2.45841
0.916171,-0.977155,1.71192,0,0,3.05841
0.916171,-0.977155,1.71192,0,0,3.05841
0.656415,-1.14464,1.12978,0,0,3.05841
0.656415,-1.14464,1.12978,0,0,3.05841
0.872484,-0.994597,0.964815,0,0,3.05841
0.872484,-0.994597,0.964815,0,0,3.05841
0.893947,-0.917446,0.736838,0,0,3.05841
0.893947,-0.917446,0.736838,0,0,3.05841
1.17439,-0.740289,0.98606,0,0,3.05841
1.17439,-0.740289,0.98606,0,0,3.05841
1.1438,-0.615568,1.00334,0,0,3.05841
1.1438,-0.615568,1.00334,0,0,3.05841
1.08759,-0.586233,1.02866,0,0,3.05841
1.08759,-0.586233,1.02866,0,0,3.05841
1.09527,-0.295425,1.13146,0,0,3.05841
1.09527,-0.295425,1.13146,0,0,3.05841
1.07469,-0.28641,0.994731,0,0,3.05841
1.07469,-0.28641,0.994731,0,0,3.05841
1.08084,-0.272709,0.978567,0,0,3.05841
1.08084,-0.272709,0.978567,0,0,3.05841
1.14839,-0.618917,0.749261,0,0,3.05841
1.14839,-0.618917,0.749261,0,0,3.05841
1.14474,-0.585213,0.294834,0,0,3.05841
1.14474,-0.585213,0.294834,0,0,3.05841
1.15381,-0.755877,0.271022,0,0,3.05841
1.15381,-0.755877,0.271022,0,0,3.05841
0.845238,-0.995404,0.286995,0,0,3.05841
0.845238,-0.995404,0.286995,0,0,3.05841
0.888004,-0.90694,0.0999953,0,0,3.05841
0.888004,-0.90694,0.0999953,0,0,3.05841
0.88729,-0.901673,-0.210268,0,0,3.05841
0.88729,-0.901673,-0.210268,0,0,3.05841
0.942796,-0.988176,-0.509635,0,0,3.05841
0.942796,-0.988176,-0.509635,0,0,3.05841
0.880544,-0.899121,-0.930821,0,0,3.05841
0.880544,-0.899121,-0.930821,0,0,3.05841
0.825241,-1.02413,-1.14154,0,0,3.05841
0.825241,-1.02413,-1.14154,0,0,3.05841
0.64256,-1.06139,-1.09344,0,0,3.05841
0.64256,-1.06139,-1.09344,0,0,3.05841
0.634544,-1.12944,-1.2027,0,0,3.05841
0.634544,-1.12944,-1.2027,0,0,3.05841
0.659181,-1.12594,-1.43114,0,0,3.05841
0.659181,-1.12594,-1.43114,0,0,3.05841
0.957133,-0.915888,-1.26892,0,0,3.05841
0.957133,-0.915888,-1.26892,0,0,3.05841
1.12793,-0.740977,-1.19452,0,0,3.05841
1.12793,-0.740977,-1.19452,0,0,3.05841
1.13578,-0.656955,-1.20052,0,0,3.05841
1.13578,-0.656955,-1.20052,0,0,3.05841
1.17443,-0.695884,-1.09015,0,0,3.05841
1.17443,-0.695884,-1.09015,0,0,3.05841
1.16382,-0.553955,-1.08902,0,0,3.05841
1.16382,-0.553955,-1.08902,0,0,3.05841
1.08632,-0.414889,-1.14175,0,0,3.05841
1.08632,-0.414889,-1.14175,0,0,3.05841
1.08221,-0.409314,-1.27016,0,0,3.05841
1.08221,-0.409314,-1.27016,0,0,3.05841
1.06275,-0.252464,-1.08141,0,0,3.05841
1.06275,-0.252464,-1.08141,0,0,3.05841
1.15281,-0.602456,-0.792587,0,0,3.05841
1.15281,-0.602456,-0.792587,0,0,3.05841
1.15184,-0.631054,-0.516347,0,0,3.05841
1.15184,-0.631054,-0.516347,0,0,3.05841
1.14033,-0.757351,-0.360264,0,0,3.05841
1.14033,-0.757351,-0.360264,0,0,3.05841
1.14929,-0.602938,-0.0793588,0,0,3.05841
1.14929,-0.602938,-0.0793588,0,0,3.05841
1.1495,-0.608338,0.0227187,0,0,3.05841
1.1495,-0.608338,0.0227187,0,0,3.05841
1.06283,-0.274956,-0.367953,0,0,3.05841
1.06283,-0.274956,-0.367953,0,0,3.05841
0.97663,-0.819139,-0.766495,0,0,2.65841
0.97663,-0.819139,-0.766495,0,0,2.65841
-0.240545,-0.772139,-1.54909,0,0,2.25841
-0.240545,-0.772139,-1.54909,0,0,2.25841
0.903914,-0.10725,-1.2111,0,0,2.65841
0.903914,-0.10725,-1.2111,0,0,2.65841
0.595516,0.0843202,-1.82521,0,0,3.05841
0.595516,0.0843202,-1.82521,0,0,3.05841
0.331802,0.605617,-1.91762,0,0,3.05841
0.331802,0.605617,-1.91762,0,0,3.05841
0.337391,0.802864,-1.2996,0,0,3.05841
0.337391,0.802864,-1.2996,0,0,3.05841
0.326252,0.604129,-1.18183,0,0,3.05841
0.326252,0.604129,-1.18183,0,0,3.05841
0.0937796,-0.399151,-1.1131,0,0,3.05841
0.0937796,-0.399151,-1.1131,0,0,3.05841
0.129079,-0.526946,-1.14672,0,0,3.05841
0.129079,-0.526946,-1.14672,0,0,3.05841
0.113664,-0.659698,-1.11009,0,0,3.05841
0.113664,-0.659698,-1.11009,0,0,3.05841
0.152726,-0.748227,-1.07061,0,0,3.05841
0.152726,-0.748227,-1.07061,0,0,3.05841
0.0501699,-0.638633,-0.443909,0,0,3.05841
0.0501699,-0.638633,-0.443909,0,0,3.05841
0.156522,-0.738758,-0.345873,0,0,3.05841
0.156522,-0.738758,-0.345873,0,0,3.05841
0.142355,-0.485799,-0.358489,0,0,3.05841
0.142355,-0.485799,-0.358489,0,0,3.05841
0.138165,-0.351651,-0.361661,0,0,3.05841
0.138165,-0.351651,-0.361661,0,0,3.05841
0.603422,-0.123694,0.256141,0,0,3.05841
0.603422,-0.123694,0.256141,0,0,3.05841
0.11949,-0.35417,0.269789,0,0,3.05841
0.11949,-0.35417,0.269789,0,0,3.05841
0.148928,-0.489893,0.266189,0,0,3.05841
0.148928,-0.489893,0.266189,0,0,3.05841
0.152665,-0.49743,0.399621,0,0,3.05841
0.152665,-0.49743,0.399621,0,0,3.05841
0.150444,-0.742353,0.253271,0,0,3.05841
0.150444,-0.742353,0.253271,0,0,3.05841
0.134258,-0.745227,0.971979,0,0,3.05841
0.134258,-0.745227,0.971979,0,0,3.05841
0.134158,-0.529413,1.05257,0,0,3.05841
0.134158,-0.529413,1.05257,0,0,3.05841
0.0832667,-0.399317,1.01264,0,0,3.05841
0.0832667,-0.399317,1.01264,0,0,3.05841
0.163724,-0.335013,1.1975,0,0,3.05841
0.163724,-0.335013,1.1975,0,0,3.05841
0.611697,0.0761553,1.69983,0,0,3.05841
0.611697,0.0761553,1.69983,0,0,3.05841
0.798844,0.758308,1.03254,0,0,3.05841
0.798844,0.758308,1.03254,0,0,3.05841
0.699824,1.66013,1.1002,0,0,3.05841
0.699824,1.66013,1.1002,0,0,3.05841
0.353163,1.13997,1.7375,0,0,3.05841
0.353163,1.13997,1.7375,0,0,3.05841
0.967185,-0.996963,2.08915,0,0,-2.54159
0.967185,-0.996963,2.08915,0,0,-2.54159
0.328946,-1.1023,1.70449,0,0,-2.54159
0.328946,-1.1023,1.70449,0,0,-2.54159
0.0121334,-0.917946,1.77301,0,0,-2.54159
0.0121334,-0.917946,1.77301,0,0,-2.54159
-0.0726272,-0.425,1.68495,0,0,-2.54159
-0.0726272,-0.425,1.68495,0,0,-2.54159
0.186575,-0.78508,0.969194,0,0,-2.34159
0.186575,-0.78508,0.969194,0,0,-2.34159
1.13045,-0.423116,1.15337,0,0,-2.34159
1.13045,-0.423116,1.15337,0,0,-2.34159
1.11503,-0.477008,0.410412,0,0,-2.54159
1.11503,-0.477008,0.410412,0,0,-2.54159
1.11439,-0.459064,0.289955,0,0,-2.54159
1.11439,-0.459064,0.289955,0,0,-2.54159
1.11764,-0.450816,-0.368437,0,0,-2.54159
1.11764,-0.450816,-0.368437,0,0,-2.54159
0.939517,-0.888555,-0.323246,0,0,-2.94159
0.939517,-0.888555,-0.323246,0,0,-2.94159
0.155874,-0.497962,-0.491345,0,0,-2.54159
0.155874,-0.497962,-0.491345,0,0,-2.54159
0.184519,-0.718063,0.224443,0,0,-2.34159
0.184519,-0.718063,0.224443,0,0,-2.34159
0.244237,-0.037696,-0.297725,0,0,-1.94159
0.244237,-0.037696,-0.297725,0,0,-1.94159
0.985739,-0.138424,0.269927,0,0,-1.94159
0.985739,-0.138424,0.269927,0,0,-1.94159
0.90722,0.768496,0.849857,0,0,-1.74159
0.90722,0.768496,0.849857,0,0,-1.74159
0.5152,0.593284,1.00388,0,0,-1.74159
0.5152,0.593284,1.00388,0,0,-1.74159
-0.31272,0.803978,1.18933,0,0,-1.54159
-0.31272,0.803978,1.18933,0,0,-1.54159
-0.240562,0.742689,1.45754,0,0,-1.74159
-0.240562,0.742689,1.45754,0,0,-1.74159
-0.171062,0.68358,1.25015,0,0,-1.94159
-0.171062,0.68358,1.25015,0,0,-1.94159
-0.109494,0.387078,1.24935,0,0,-1.94159
-0.109494,0.387078,1.24935,0,0,-1.94159
-0.109861,0.385707,1.6494,0,0,-1.94159
-0.109861,0.385707,1.6494,0,0,-1.94159
-0.285327,0.367706,1.6656,0,0,-2.14159
-0.285327,0.367706,1.6656,0,0,-2.14159
-0.284683,0.582525,1.63889,0,0,-2.14159
-0.284683,0.582525,1.63889,0,0,-2.14159
0.192733,1.09769,1.68142,0,0,-2.14159
0.192733,1.09769,1.68142,0,0,-2.14159
0.629656,1.1499,1.77261,0,0,-2.14159
0.629656,1.1499,1.77261,0,0,-2.14159
0.585229,0.692391,1.62123,0,0,-2.14159
0.585229,0.692391,1.62123,0,0,-2.14159
0.569882,0.378568,1.70898,0,0,-2.14159
0.569882,0.378568,1.70898,0,0,-2.14159
0.554686,0.344435,1.6647,0,0,-2.14159
0.554686,0.344435,1.6647,0,0,-2.14159
0.607575,0.328894,1.68017,0,0,-2.14159
0.607575,0.328894,1.68017,0,0,-2.14159
0.441466,0.629003,1.73154,0,0,-2.34159
0.441466,0.629003,1.73154,0,0,-2.34159
0.266821,1.07101,1.72672,0,0,-2.54159
0.266821,1.07101,1.72672,0,0,-2.54159
0.0280093,1.1242,1.73436,0,0,-2.74159
0.0280093,1.1242,1.73436,0,0,-2.74159
0.119143,1.02199,1.46626,0,0,-2.74159
0.119143,1.02199,1.46626,0,0,-2.74159
0.0113159,0.926,1.23207,0,0,-2.74159
0.0113159,0.926,1.23207,0,0,-2.74159
0.297515,0.907969,1.66125,0,0,-2.74159
0.297515,0.907969,1.66125,0,0,-2.74159
0.556095,1.06001,1.72637,0,0,-2.94159
0.556095,1.06001,1.72637,0,0,-2.94159
0.756136,1.19587,1.82743,0,0,-2.74159
0.756136,1.19587,1.82743,0,0,-2.74159
0.779501,1.23482,1.71655,0,0,-2.74159
0.779501,1.23482,1.71655,0,0,-2.74159
0.757656,1.49901,1.74633,0,0,-2.74159
0.757656,1.49901,1.74633,0,0,-2.74159
0.397978,1.61287,1.79091,0,0,-2.94159
0.397978,1.61287,1.79091,0,0,-2.94159
0.253043,1.78944,1.72295,0,0,-2.94159
0.253043,1.78944,1.72295,0,0,-2.94159
0.301428,1.85,1.79344,0,0,-2.74159
0.301428,1.85,1.79344,0,0,-2.74159
0.0668414,1.62258,1.70488,0,0,-2.74159
0.0668414,1.62258,1.70488,0,0,-2.74159
-0.00597789,1.76774,1.68627,0,0,-2.74159
-0.00597789,1.76774,1.68627,0,0,-2.74159
0.000714188,1.72563,1.23931,0,0,-2.74159
0.000714188,1.72563,1.23931,0,0,-2.74159
0.322483,1.78621,1.17261,0,0,-2.54159
0.322483,1.78621,1.17261,0,0,-2.54159
0.64395,1.76851,1.19711,0,0,-2.74159
0.64395,1.76851,1.19711,0,0,-2.74159
0.748472,1.8443,1.04222,0,0,-2.74159
0.748472,1.8443,1.04222,0,0,-2.74159
0.814326,1.58694,1.09462,0,0,-2.94159
0.814326,1.58694,1.09462,0,0,-2.94159
0.446282,1.56677,1.05165,0,0,-2.74159
0.446282,1.56677,1.05165,0,0,-2.74159
0.344748,1.62105,1.17265,0,0,-2.74159
0.344748,1.62105,1.17265,0,0,-2.74159
-0.00489799,1.58784,1.15114,0,0,-2.94159
-0.00489799,1.58784,1.15114,0,0,-2.94159
0.028235,1.77099,1.15313,0,0,3.14159
0.028235,1.77099,1.15313,0,0,3.14159
0.29992,0.802794,1.18704,0,0,3.14159
0.29992,0.802794,1.18704,0,0,3.14159
0.344035,0.600596,1.08665,0,0,3.14159
0.344035,0.600596,1.08665,0,0,3.14159
0.0606565,0.354066,1.1609,0,0,-2.94159
0.0606565,0.354066,1.1609,0,0,-2.94159
0.119089,0.256126,1.43823,0,0,-2.94159
0.119089,0.256126,1.43823,0,0,-2.94159
0.06032,0.353976,1.73908,0,0,-2.94159
0.06032,0.353976,1.73908,0,0,-2.94159
0.248394,0.261199,1.68251,0,0,3.14159
0.248394,0.261199,1.68251,0,0,3.14159
0.0519502,0.252439,1.72911,0,0,3.14159
0.0519502,0.252439,1.72911,0,0,3.14159
0.0634684,-0.204957,1.79496,0,0,-2.94159
0.0634684,-0.204957,1.79496,0,0,-2.94159
-0.0301444,-0.273333,1.8667,0,0,-2.94159
-0.0301444,-0.273333,1.8667,0,0,-2.94159
-0.0304421,-0.562808,1.86635,0,0,-2.94159
-0.0304421,-0.562808,1.86635,0,0,-2.94159
0.119251,-0.704048,1.45219,0,0,-2.94159
0.119251,-0.704048,1.45219,0,0,-2.94159
0.119257,-0.332528,1.45094,0,0,-2.94159
0.119257,-0.332528,1.45094,0,0,-2.94159
0.329219,0.0201469,1.11528,0,0,-2.94159
0.329219,0.0201469,1.11528,0,0,-2.94159
0.399136,0.123739,1.0678,0,0,-2.74159
0.399136,0.123739,1.0678,0,0,-2.74159
0.356572,0.174913,1.08268,0,0,-2.74159
0.356572,0.174913,1.08268,0,0,-2.74159
0.00581674,0.249101,1.24749,0,0,-2.74159
0.00581674,0.249101,1.24749,0,0,-2.74159
0.119237,0.372462,1.44403,0,0,-2.74159
0.119237,0.372462,1.44403,0,0,-2.74159
0.0491411,0.453996,1.72576,0,0,-2.74159
0.0491411,0.453996,1.72576,0,0,-2.74159
0.0181486,0.26795,1.67685,0,0,-2.74159
0.0181486,0.26795,1.67685,0,0,-2.74159
0.00767075,0.250955,1.65591,0,0,-2.74159
0.00767075,0.250955,1.65591,0,0,-2.74159
0.294187,0.203037,1.66864,0,0,-2.74159
0.294187,0.203037,1.66864,0,0,-2.74159
0.318456,0.103902,1.67128,0,0,-2.74159
0.318456,0.103902,1.67128,0,0,-2.74159
0.33888,-0.00782506,1.75811,0,0,-2.74159
0.33888,-0.00782506,1.75811,0,0,-2.74159
0.440124,0.0498637,1.81628,0,0,-2.74159
0.440124,0.0498637,1.81628,0,0,-2.74159
0.713542,0.279514,1.8212,0,0,-2.94159
0.713542,0.279514,1.8212,0,0,-2.94159
0.751883,0.120941,1.74917,0,0,-2.74159
0.751883,0.120941,1.74917,0,0,-2.74159
0.71074,-0.241924,1.82775,0,0,-2.74159
0.71074,-0.241924,1.82775,0,0,-2.74159
0.878616,-0.363906,1.79411,0,0,-2.74159
0.878616,-0.363906,1.79411,0,0,-2.74159
0.933887,-0.760533,1.77961,0,0,-2.94159
0.933887,-0.760533,1.77961,0,0,-2.94159
0.942874,-0.775939,1.79032,0,0,-2.94159
0.942874,-0.775939,1.79032,0,0,-2.94159
0.745161,-0.588505,1.86877,0,0,3.14159
0.745161,-0.588505,1.86877,0,0,3.14159
1.03377,-0.865197,1.12548,0,0,-2.94159
1.03377,-0.865197,1.12548,0,0,-2.94159
0.993753,-0.468951,1.01645,0,0,-2.94159
0.993753,-0.468951,1.01645,0,0,-2.94159
0.996008,-0.0754529,1.14367,0,0,-2.94159
0.996008,-0.0754529,1.14367,0,0,-2.94159
0.831224,0.0919301,1.06438,0,0,-2.94159
0.831224,0.0919301,1.06438,0,0,-2.94159
0.783387,0.312932,0.997437,0,0,-2.74159
0.783387,0.312932,0.997437,0,0,-2.74159
0.621837,0.322878,1.1666,0,0,-2.74159
0.621837,0.322878,1.1666,0,0,-2.74159
0.687452,0.508765,1.11177,0,0,-2.74159
0.687452,0.508765,1.11177,0,0,-2.74159
0.810247,0.876674,1.02299,0,0,-2.54159
0.810247,0.876674,1.02299,0,0,-2.54159
0.619939,0.62834,1.32141,0,0,-2.34159
0.619939,0.62834,1.32141,0,0,-2.34159
0.61757,0.423041,1.11132,0,0,-2.34159
0.61757,0.423041,1.11132,0,0,-2.34159
0.611629,0.344025,1.20368,0,0,-2.14159
0.611629,0.344025,1.20368,0,0,-2.14159
0.64451,0.19055,1.20898,0,0,-2.14159
0.64451,0.19055,1.20898,0,0,-2.14159
0.641005,-0.186188,1.22347,0,0,-2.14159
0.641005,-0.186188,1.22347,0,0,-2.14159
0.64848,-0.158291,1.62657,0,0,-2.14159
0.64848,-0.158291,1.62657,0,0,-2.14159
0.203287,-0.0578627,2.06567,0,0,-1.94159
0.203287,-0.0578627,2.06567,0,0,-1.94159
0.577916,0.0597939,2.18945,0,0,-1.74159
0.577916,0.0597939,2.18945,0,0,-1.74159
0.586957,-0.365318,1.65699,0,0,-1.74159
0.586957,-0.365318,1.65699,0,0,-1.74159
-0.0198289,-0.318237,1.66399,0,0,-1.74159
-0.0198289,-0.318237,1.66399,0,0,-1.74159
-0.34721,-0.634802,1.07401,0,0,-1.74159
-0.34721,-0.634802,1.07401,0,0,-1.74159
0.485198,-0.433782,0.116747,0,0,-1.14159
0.485198,-0.433782,0.116747,0,0,-1.14159
0.363363,-0.508349,1.37136,0,0,-0.941593
0.363363,-0.508349,1.37136,0,0,-0.941593
0.187459,-0.448796,0.845086,0,0,-0.541593
0.187459,-0.448796,0.845086,0,0,-0.541593
0.0654108,-0.491959,1.20141,0,0,-0.341593
0.0654108,-0.491959,1.20141,0,0,-0.341593
0.187909,-0.10377,1.4084,0,0,-0.541593
0.187909,-0.10377,1.4084,0,0,-0.541593
0.236787,0.13231,1.56432,0,0,-0.541593
0.236787,0.13231,1.56432,0,0,-0.541593
0.137454,0.378214,1.45094,0,0,-0.541593
0.137454,0.378214,1.45094,0,0,-0.541593
0.0518851,0.579514,1.23213,0,0,-0.541593
0.0518851,0.579514,1.23213,0,0,-0.541593
-0.312957,0.247191,1.24349,0,0,-0.541593
-0.312957,0.247191,1.24349,0,0,-0.541593
-0.63501,0.105627,1.23227,0,0,-0.741593
-0.63501,0.105627,1.23227,0,0,-0.741593
-0.657821,0.118791,1.37729,0,0,-0.741593
-0.657821,0.118791,1.37729,0,0,-0.741593
-0.71488,0.0815556,1.44972,0,0,-0.741593
-0.71488,0.0815556,1.44972,0,0,-0.741593
-0.65267,-0.0085927,1.66449,0,0,-0.541593
-0.65267,-0.0085927,1.66449,0,0,-0.541593
-0.705087,-0.272991,1.45375,0,0,-0.741593
-0.705087,-0.272991,1.45375,0,0,-0.741593
-0.615059,-0.215068,1.34033,0,0,-0.741593
-0.615059,-0.215068,1.34033,0,0,-0.741593
-0.725857,-0.364278,0.967299,0,0,-0.541593
-0.725857,-0.364278,0.967299,0,0,-0.541593
-0.635171,-0.034983,0.937639,0,0,-0.741593
-0.635171,-0.034983,0.937639,0,0,-0.741593
-0.356906,0.0734246,0.94963,0,0,-0.941593
-0.356906,0.0734246,0.94963,0,0,-0.941593
-0.285918,0.479253,1.25935,0,0,-1.14159
-0.285918,0.479253,1.25935,0,0,-1.14159
-0.309842,0.444212,1.68282,0,0,-0.941593
-0.309842,0.444212,1.68282,0,0,-0.941593
-0.561484,0.696962,1.44801,0,0,-0.741593
-0.561484,0.696962,1.44801,0,0,-0.741593
-0.52834,0.718894,1.27632,0,0,-0.741593
-0.52834,0.718894,1.27632,0,0,-0.741593
-0.640553,0.837991,1.45215,0,0,-0.741593
-0.640553,0.837991,1.45215,0,0,-0.741593
-0.72352,0.654948,1.45215,0,0,-0.741593
-0.72352,0.654948,1.45215,0,0,-0.741593
-1.08796,0.547712,1.42152,0,0,-0.541593
-1.08796,0.547712,1.42152,0,0,-0.541593
-0.745056,0.42851,1.45442,0,0,-0.541593
-0.745056,0.42851,1.45442,0,0,-0.541593
-0.773951,0.684065,1.45215,0,0,-0.541593
-0.773951,0.684065,1.45215,0,0,-0.541593
-0.572654,0.904126,1.65864,0,0,-0.541593
-0.572654,0.904126,1.65864,0,0,-0.541593
-0.0779031,1.09976,1.93212,0,0,-0.541593
-0.0779031,1.09976,1.93212,0,0,-0.541593
0.344296,1.40124,1.25611,0,0,-0.741593
0.344296,1.40124,1.25611,0,0,-0.741593
0.32591,0.767846,1.25026,0,0,-0.741593
0.32591,0.767846,1.25026,0,0,-0.741593
0.209793,0.810946,1.51988,0,0,-0.741593
0.209793,0.810946,1.51988,0,0,-0.741593
0.543639,0.433765,2.00425,0,0,-0.941593
0.543639,0.433765,2.00425,0,0,-0.941593
0.326579,0.458603,1.6466,0,0,-1.34159
0.326579,0.458603,1.6466,0,0,-1.34159
0.479562,0.563919,1.84646,0,0,-1.54159
0.479562,0.563919,1.84646,0,0,-1.54159
0.11206,0.880052,1.79938,0,0,-1.54159
0.11206,0.880052,1.79938,0,0,-1.54159
-0.0560903,0.86839,1.68715,0,0,-1.74159
-0.0560903,0.86839,1.68715,0,0,-1.74159
-0.245707,1.14597,1.66424,0,0,-1.74159
-0.245707,1.14597,1.66424,0,0,-1.74159
-0.272515,1.38271,1.68734,0,0,-1.94159
-0.272515,1.38271,1.68734,0,0,-1.94159
-0.273247,1.37998,1.21331,0,0,-1.94159
-0.273247,1.37998,1.21331,0,0,-1.94159
-0.252382,1.33185,1.16236,0,0,-2.14159
-0.252382,1.33185,1.16236,0,0,-2.14159
0.351605,1.45237,1.1132,0,0,-2.14159
0.351605,1.45237,1.1132,0,0,-2.14159
0.56569,1.08256,1.23496,0,0,-2.14159
0.56569,1.08256,1.23496,0,0,-2.14159
0.774508,1.44887,1.05848,0,0,-2.34159
0.774508,1.44887,1.05848,0,0,-2.34159
0.59918,1.84956,1.23907,0,0,-2.14159
0.59918,1.84956,1.23907,0,0,-2.14159
0.566696,1.85625,1.25152,0,0,-2.14159
0.566696,1.85625,1.25152,0,0,-2.14159
0.17846,1.90857,1.20521,0,0,-2.14159
0.17846,1.90857,1.20521,0,0,-2.14159
-0.102177,1.87702,1.2552,0,0,-2.14159
-0.102177,1.87702,1.2552,0,0,-2.14159
-0.262604,1.85537,1.6621,0,0,-2.14159
-0.262604,1.85537,1.6621,0,0,-2.14159
-0.0525936,1.93619,1.73854,0,0,-2.14159
-0.0525936,1.93619,1.73854,0,0,-2.14159
0.183469,1.86634,1.66183,0,0,-2.14159
0.183469,1.86634,1.66183,0,0,-2.14159
0.593165,1.82711,1.6405,0,0,-2.14159
0.593165,1.82711,1.6405,0,0,-2.14159
0.563586,2.22907,2.03774,0,0,-1.74159
0.563586,2.22907,2.03774,0,0,-1.74159
0.275316,2.07075,1.70256,0,0,-1.54159
0.275316,2.07075,1.70256,0,0,-1.54159
0.351549,1.92548,1.65632,0,0,-1.14159
0.351549,1.92548,1.65632,0,0,-1.14159
0.049686,1.94193,1.67593,0,0,-0.941593
0.049686,1.94193,1.67593,0,0,-0.941593
0.300953,1.92308,1.65346,0,0,-0.741593
0.300953,1.92308,1.65346,0,0,-0.741593
2,2,2,0,0,0
